{
  "token_acc":0.9986249455,
  "tag_acc":0.9693682836,
  "dep_uas":0.8894519874,
  "dep_las":0.8605952876,
  "ents_p":0.736574746,
  "ents_r":0.733911786,
  "ents_f":0.7352408548,
  "sents_p":0.9493606138,
  "sents_r":0.9571944301,
  "sents_f":0.9532614278,
  "speed":4797.7528265446,
  "dep_las_per_type":{
    "nsubj":{
      "p":0.899566474,
      "r":0.8755274262,
      "f":0.8873841768
    },
    "cop":{
      "p":0.8298171589,
      "r":0.8805970149,
      "f":0.8544532947
    },
    "amod":{
      "p":0.9413243923,
      "r":0.9093117409,
      "f":0.9250411862
    },
    "root":{
      "p":0.912037037,
      "r":0.9143888602,
      "f":0.9132114345
    },
    "conj":{
      "p":0.7754733995,
      "r":0.7563764292,
      "f":0.7658058771
    },
    "cc":{
      "p":0.9233870968,
      "r":0.9187562688,
      "f":0.9210658622
    },
    "det":{
      "p":0.9467741935,
      "r":0.9475383374,
      "f":0.9471561113
    },
    "obj":{
      "p":0.8908701854,
      "r":0.8789584799,
      "f":0.8848742473
    },
    "acl:relcl":{
      "p":0.7650130548,
      "r":0.7897574124,
      "f":0.7771883289
    },
    "case":{
      "p":0.940128953,
      "r":0.9326835212,
      "f":0.9363914373
    },
    "advmod":{
      "p":0.8239361702,
      "r":0.857696567,
      "f":0.8404774824
    },
    "compound:prt":{
      "p":0.7729083665,
      "r":0.8471615721,
      "f":0.8083333333
    },
    "aux":{
      "p":0.922832981,
      "r":0.9387096774,
      "f":0.9307036247
    },
    "mark":{
      "p":0.9251559252,
      "r":0.9143835616,
      "f":0.9197382019
    },
    "acl":{
      "p":0.6909090909,
      "r":0.6229508197,
      "f":0.6551724138
    },
    "nmod":{
      "p":0.7953514739,
      "r":0.7842370039,
      "f":0.7897551365
    },
    "advcl":{
      "p":0.7432712215,
      "r":0.7341513292,
      "f":0.7386831276
    },
    "obl":{
      "p":0.7705005325,
      "r":0.759181532,
      "f":0.7647991543
    },
    "ccomp":{
      "p":0.8225108225,
      "r":0.8482142857,
      "f":0.8351648352
    },
    "flat:name":{
      "p":0.8888888889,
      "r":0.8387096774,
      "f":0.8630705394
    },
    "xcomp":{
      "p":0.7710144928,
      "r":0.7,
      "f":0.7337931034
    },
    "aux:pass":{
      "p":0.8759124088,
      "r":0.9756097561,
      "f":0.9230769231
    },
    "nsubj:pass":{
      "p":0.8374384236,
      "r":0.9042553191,
      "f":0.8695652174
    },
    "appos":{
      "p":0.462962963,
      "r":0.3424657534,
      "f":0.3937007874
    },
    "expl":{
      "p":0.7089337176,
      "r":0.7711598746,
      "f":0.7387387387
    },
    "csubj":{
      "p":0.6695652174,
      "r":0.7403846154,
      "f":0.703196347
    },
    "nummod":{
      "p":0.9424778761,
      "r":0.9594594595,
      "f":0.9508928571
    },
    "iobj":{
      "p":0.8269230769,
      "r":0.7049180328,
      "f":0.7610619469
    },
    "acl:cleft":{
      "p":0.6896551724,
      "r":0.6666666667,
      "f":0.6779661017
    },
    "orphan":{
      "p":0.3636363636,
      "r":0.1538461538,
      "f":0.2162162162
    },
    "parataxis":{
      "p":0.8231707317,
      "r":0.8544303797,
      "f":0.8385093168
    },
    "compound":{
      "p":0.8,
      "r":0.2285714286,
      "f":0.3555555556
    },
    "dep":{
      "p":0.0,
      "r":0.0,
      "f":0.0
    },
    "csubj:pass":{
      "p":0.0,
      "r":0.0,
      "f":0.0
    },
    "discourse":{
      "p":1.0,
      "r":0.4545454545,
      "f":0.625
    },
    "flat:foreign":{
      "p":0.65,
      "r":0.1529411765,
      "f":0.2476190476
    },
    "goeswith":{
      "p":0.0,
      "r":0.0,
      "f":0.0
    }
  },
  "ents_per_type":{
    "PER":{
      "p":0.8564013841,
      "r":0.8776595745,
      "f":0.8669001751
    },
    "GPE_LOC":{
      "p":0.8287937743,
      "r":0.8287937743,
      "f":0.8287937743
    },
    "GPE_ORG":{
      "p":0.58,
      "r":0.58,
      "f":0.58
    },
    "PROD":{
      "p":0.3170731707,
      "r":0.1830985915,
      "f":0.2321428571
    },
    "ORG":{
      "p":0.7296137339,
      "r":0.5964912281,
      "f":0.6563706564
    },
    "DRV":{
      "p":0.6851851852,
      "r":0.7708333333,
      "f":0.7254901961
    },
    "LOC":{
      "p":0.3607594937,
      "r":0.5533980583,
      "f":0.4367816092
    },
    "EVT":{
      "p":0.1428571429,
      "r":0.2,
      "f":0.1666666667
    }
  }
}