{
  "token_acc":0.9986249455,
  "tag_acc":0.9851190974,
  "dep_uas":0.9420865486,
  "dep_las":0.9263504312,
  "ents_p":0.8816821098,
  "ents_r":0.8944323933,
  "ents_f":0.888011486,
  "sents_p":0.9758974359,
  "sents_r":0.9814337287,
  "sents_f":0.9786577526,
  "speed":7634.2302181657,
  "dep_las_per_type":{
    "nsubj":{
      "p":0.9533824045,
      "r":0.9563994374,
      "f":0.9548885378
    },
    "cop":{
      "p":0.9296407186,
      "r":0.9268656716,
      "f":0.9282511211
    },
    "amod":{
      "p":0.9645732689,
      "r":0.9700404858,
      "f":0.9672991522
    },
    "root":{
      "p":0.9619341564,
      "r":0.9644146467,
      "f":0.9631728045
    },
    "conj":{
      "p":0.884057971,
      "r":0.8583992964,
      "f":0.8710397144
    },
    "cc":{
      "p":0.9648241206,
      "r":0.962888666,
      "f":0.9638554217
    },
    "det":{
      "p":0.9855189059,
      "r":0.988700565,
      "f":0.9871071716
    },
    "obj":{
      "p":0.9541607898,
      "r":0.9521463758,
      "f":0.9531525185
    },
    "acl:relcl":{
      "p":0.8826666667,
      "r":0.8921832884,
      "f":0.8873994638
    },
    "case":{
      "p":0.9734567901,
      "r":0.9607066707,
      "f":0.9670397057
    },
    "advmod":{
      "p":0.9214922049,
      "r":0.9163898117,
      "f":0.9189339256
    },
    "compound:prt":{
      "p":0.875,
      "r":0.8864628821,
      "f":0.8806941432
    },
    "aux":{
      "p":0.9627659574,
      "r":0.9731182796,
      "f":0.9679144385
    },
    "mark":{
      "p":0.9603283174,
      "r":0.9616438356,
      "f":0.9609856263
    },
    "acl":{
      "p":0.8404907975,
      "r":0.7486338798,
      "f":0.7919075145
    },
    "nmod":{
      "p":0.8710554951,
      "r":0.8949133594,
      "f":0.8828232699
    },
    "advcl":{
      "p":0.8516949153,
      "r":0.8220858896,
      "f":0.836628512
    },
    "obl":{
      "p":0.8856673961,
      "r":0.8494228751,
      "f":0.8671665774
    },
    "ccomp":{
      "p":0.8947368421,
      "r":0.9107142857,
      "f":0.9026548673
    },
    "flat:name":{
      "p":0.95,
      "r":0.8810483871,
      "f":0.9142259414
    },
    "xcomp":{
      "p":0.8372093023,
      "r":0.8526315789,
      "f":0.8448500652
    },
    "aux:pass":{
      "p":0.9758064516,
      "r":0.9837398374,
      "f":0.979757085
    },
    "nsubj:pass":{
      "p":0.9521276596,
      "r":0.9521276596,
      "f":0.9521276596
    },
    "appos":{
      "p":0.609375,
      "r":0.5342465753,
      "f":0.5693430657
    },
    "expl":{
      "p":0.8427299703,
      "r":0.8902821317,
      "f":0.8658536585
    },
    "csubj":{
      "p":0.8909090909,
      "r":0.9423076923,
      "f":0.9158878505
    },
    "nummod":{
      "p":0.9646017699,
      "r":0.981981982,
      "f":0.9732142857
    },
    "acl:cleft":{
      "p":0.7826086957,
      "r":0.6,
      "f":0.679245283
    },
    "iobj":{
      "p":0.9137931034,
      "r":0.868852459,
      "f":0.8907563025
    },
    "parataxis":{
      "p":0.8987341772,
      "r":0.8987341772,
      "f":0.8987341772
    },
    "compound":{
      "p":0.75,
      "r":0.3428571429,
      "f":0.4705882353
    },
    "dep":{
      "p":0.0,
      "r":0.0,
      "f":0.0
    },
    "orphan":{
      "p":0.8571428571,
      "r":0.2307692308,
      "f":0.3636363636
    },
    "csubj:pass":{
      "p":0.0,
      "r":0.0,
      "f":0.0
    },
    "discourse":{
      "p":0.7,
      "r":0.6363636364,
      "f":0.6666666667
    },
    "flat:foreign":{
      "p":0.5652173913,
      "r":0.1529411765,
      "f":0.2407407407
    },
    "goeswith":{
      "p":0.0,
      "r":0.0,
      "f":0.0
    }
  },
  "ents_per_type":{
    "PER":{
      "p":0.9548611111,
      "r":0.975177305,
      "f":0.9649122807
    },
    "GPE_LOC":{
      "p":0.9285714286,
      "r":0.9105058366,
      "f":0.9194499018
    },
    "GPE_ORG":{
      "p":0.6949152542,
      "r":0.82,
      "f":0.752293578
    },
    "PROD":{
      "p":0.6,
      "r":0.5915492958,
      "f":0.5957446809
    },
    "ORG":{
      "p":0.8905109489,
      "r":0.8561403509,
      "f":0.8729874776
    },
    "DRV":{
      "p":0.6964285714,
      "r":0.8125,
      "f":0.75
    },
    "LOC":{
      "p":0.75,
      "r":0.8155339806,
      "f":0.7813953488
    },
    "EVT":{
      "p":0.75,
      "r":0.6,
      "f":0.6666666667
    }
  }
}