{
  "token_acc":0.9986249455,
  "tag_acc":0.9848847525,
  "dep_uas":0.9403620269,
  "dep_las":0.9250789688,
  "ents_p":0.8749116608,
  "ents_r":0.8951554591,
  "ents_f":0.8849177984,
  "sents_p":0.9803820341,
  "sents_r":0.9793708097,
  "sents_f":0.979876161,
  "speed":7627.7285083323,
  "dep_las_per_type":{
    "nsubj":{
      "p":0.9552501762,
      "r":0.9532348805,
      "f":0.9542414643
    },
    "cop":{
      "p":0.9138686131,
      "r":0.9343283582,
      "f":0.9239852399
    },
    "amod":{
      "p":0.9670682731,
      "r":0.9748987854,
      "f":0.9709677419
    },
    "root":{
      "p":0.9612603306,
      "r":0.9597730789,
      "f":0.960516129
    },
    "conj":{
      "p":0.8765880218,
      "r":0.8496042216,
      "f":0.8628852166
    },
    "cc":{
      "p":0.9668341709,
      "r":0.9648946841,
      "f":0.9658634538
    },
    "det":{
      "p":0.9855072464,
      "r":0.9878934625,
      "f":0.9866989117
    },
    "obj":{
      "p":0.9581560284,
      "r":0.9507389163,
      "f":0.9544330625
    },
    "acl:relcl":{
      "p":0.8763157895,
      "r":0.897574124,
      "f":0.8868175766
    },
    "case":{
      "p":0.9703182375,
      "r":0.9658848614,
      "f":0.9680964738
    },
    "advmod":{
      "p":0.9120088545,
      "r":0.9125138427,
      "f":0.9122612787
    },
    "compound:prt":{
      "p":0.9299065421,
      "r":0.8689956332,
      "f":0.8984198646
    },
    "aux":{
      "p":0.9635974304,
      "r":0.9677419355,
      "f":0.9656652361
    },
    "mark":{
      "p":0.9593663912,
      "r":0.954109589,
      "f":0.9567307692
    },
    "acl":{
      "p":0.8273809524,
      "r":0.7595628415,
      "f":0.792022792
    },
    "nmod":{
      "p":0.862745098,
      "r":0.885410844,
      "f":0.8739310345
    },
    "advcl":{
      "p":0.8580508475,
      "r":0.8282208589,
      "f":0.8428720083
    },
    "obl":{
      "p":0.8900437637,
      "r":0.8536201469,
      "f":0.8714515265
    },
    "ccomp":{
      "p":0.8836206897,
      "r":0.9151785714,
      "f":0.899122807
    },
    "flat:name":{
      "p":0.9390756303,
      "r":0.9012096774,
      "f":0.9197530864
    },
    "xcomp":{
      "p":0.8536585366,
      "r":0.8289473684,
      "f":0.8411214953
    },
    "aux:pass":{
      "p":0.9758064516,
      "r":0.9837398374,
      "f":0.979757085
    },
    "nsubj:pass":{
      "p":0.9521276596,
      "r":0.9521276596,
      "f":0.9521276596
    },
    "appos":{
      "p":0.6060606061,
      "r":0.5479452055,
      "f":0.5755395683
    },
    "expl":{
      "p":0.8251533742,
      "r":0.8432601881,
      "f":0.8341085271
    },
    "csubj":{
      "p":0.8434782609,
      "r":0.9326923077,
      "f":0.8858447489
    },
    "dep":{
      "p":0.0,
      "r":0.0,
      "f":0.0
    },
    "nummod":{
      "p":0.96875,
      "r":0.9774774775,
      "f":0.9730941704
    },
    "acl:cleft":{
      "p":0.7826086957,
      "r":0.6,
      "f":0.679245283
    },
    "iobj":{
      "p":0.9180327869,
      "r":0.9180327869,
      "f":0.9180327869
    },
    "orphan":{
      "p":0.7692307692,
      "r":0.3846153846,
      "f":0.5128205128
    },
    "parataxis":{
      "p":0.9220779221,
      "r":0.8987341772,
      "f":0.9102564103
    },
    "compound":{
      "p":0.9285714286,
      "r":0.3714285714,
      "f":0.5306122449
    },
    "csubj:pass":{
      "p":0.0,
      "r":0.0,
      "f":0.0
    },
    "discourse":{
      "p":0.9,
      "r":0.8181818182,
      "f":0.8571428571
    },
    "flat:foreign":{
      "p":0.9230769231,
      "r":0.1411764706,
      "f":0.2448979592
    },
    "goeswith":{
      "p":0.0,
      "r":0.0,
      "f":0.0
    }
  },
  "ents_per_type":{
    "PER":{
      "p":0.9565217391,
      "r":0.975177305,
      "f":0.9657594381
    },
    "PROD":{
      "p":0.5806451613,
      "r":0.5070422535,
      "f":0.5413533835
    },
    "GPE_LOC":{
      "p":0.9428571429,
      "r":0.8988326848,
      "f":0.9203187251
    },
    "GPE_ORG":{
      "p":0.7407407407,
      "r":0.8,
      "f":0.7692307692
    },
    "ORG":{
      "p":0.865248227,
      "r":0.8561403509,
      "f":0.860670194
    },
    "DRV":{
      "p":0.6885245902,
      "r":0.875,
      "f":0.7706422018
    },
    "LOC":{
      "p":0.7109375,
      "r":0.8834951456,
      "f":0.7878787879
    },
    "EVT":{
      "p":0.5,
      "r":0.8,
      "f":0.6153846154
    }
  }
}