{
  "token_acc":0.9987767892,
  "token_p":0.9974896238,
  "token_r":0.9944937596,
  "token_f":0.9959894389,
  "tag_acc":0.9835363405,
  "pos_acc":0.9836367287,
  "morph_acc":0.9732967474,
  "morph_per_feat":{
    "Definite":{
      "p":0.9919434629,
      "r":0.9887292195,
      "f":0.9903337332
    },
    "Gender":{
      "p":0.971739634,
      "r":0.9653664711,
      "f":0.9685425685
    },
    "Number":{
      "p":0.9871759891,
      "r":0.9781021898,
      "f":0.9826181423
    },
    "Mood":{
      "p":0.9985594929,
      "r":0.9959770115,
      "f":0.9972665803
    },
    "Tense":{
      "p":0.998841587,
      "r":0.996532794,
      "f":0.9976858548
    },
    "VerbForm":{
      "p":0.9926909021,
      "r":0.9904049127,
      "f":0.9915465898
    },
    "Degree":{
      "p":0.9814487633,
      "r":0.9788546256,
      "f":0.9801499779
    },
    "Animacy":{
      "p":1.0,
      "r":0.9970674487,
      "f":0.9985315712
    },
    "Case":{
      "p":0.9979224377,
      "r":0.9965421853,
      "f":0.9972318339
    },
    "Person":{
      "p":0.9967248908,
      "r":0.9929309407,
      "f":0.9948242986
    },
    "PronType":{
      "p":0.9952681388,
      "r":0.9937007874,
      "f":0.9944838455
    },
    "Polarity":{
      "p":0.9968454259,
      "r":1.0,
      "f":0.9984202212
    },
    "Poss":{
      "p":1.0,
      "r":0.9873417722,
      "f":0.9936305732
    },
    "Reflex":{
      "p":1.0,
      "r":1.0,
      "f":1.0
    },
    "NumType":{
      "p":1.0,
      "r":0.8405797101,
      "f":0.9133858268
    },
    "Voice":{
      "p":0.98,
      "r":0.98,
      "f":0.98
    },
    "Abbr":{
      "p":1.0,
      "r":0.9220779221,
      "f":0.9594594595
    }
  },
  "sents_p":0.9693408278,
  "sents_r":0.9783393502,
  "sents_f":0.9738193018,
  "dep_uas":0.936267559,
  "dep_las":0.9194411359,
  "dep_las_per_type":{
    "nsubj":{
      "p":0.9539007092,
      "r":0.9458509142,
      "f":0.9498587571
    },
    "cop":{
      "p":0.9106881406,
      "r":0.928358209,
      "f":0.9194382853
    },
    "amod":{
      "p":0.9654062751,
      "r":0.971659919,
      "f":0.9685230024
    },
    "root":{
      "p":0.9628865979,
      "r":0.9633831872,
      "f":0.9631348286
    },
    "conj":{
      "p":0.8389679715,
      "r":0.8293755497,
      "f":0.834144184
    },
    "cc":{
      "p":0.9598393574,
      "r":0.9588766299,
      "f":0.9593577521
    },
    "det":{
      "p":0.9798873693,
      "r":0.9830508475,
      "f":0.9814665592
    },
    "obj":{
      "p":0.9401530967,
      "r":0.9507389163,
      "f":0.9454163751
    },
    "acl:relcl":{
      "p":0.8783783784,
      "r":0.8760107817,
      "f":0.8771929825
    },
    "case":{
      "p":0.9668813247,
      "r":0.9604020713,
      "f":0.9636308068
    },
    "advmod":{
      "p":0.903190319,
      "r":0.9091915836,
      "f":0.9061810155
    },
    "compound:prt":{
      "p":0.9026548673,
      "r":0.8908296943,
      "f":0.8967032967
    },
    "aux":{
      "p":0.9639065817,
      "r":0.976344086,
      "f":0.9700854701
    },
    "mark":{
      "p":0.9513365319,
      "r":0.9506849315,
      "f":0.9510106201
    },
    "acl":{
      "p":0.8,
      "r":0.7431693989,
      "f":0.7705382436
    },
    "nmod":{
      "p":0.8595721338,
      "r":0.8759083287,
      "f":0.8676633444
    },
    "advcl":{
      "p":0.8547368421,
      "r":0.8302658487,
      "f":0.8423236515
    },
    "obl":{
      "p":0.8737238044,
      "r":0.8530954879,
      "f":0.8632864348
    },
    "ccomp":{
      "p":0.9321266968,
      "r":0.9196428571,
      "f":0.9258426966
    },
    "flat:name":{
      "p":0.9515418502,
      "r":0.8709677419,
      "f":0.9094736842
    },
    "xcomp":{
      "p":0.8638888889,
      "r":0.8184210526,
      "f":0.8405405405
    },
    "aux:pass":{
      "p":0.968,
      "r":0.9837398374,
      "f":0.9758064516
    },
    "nsubj:pass":{
      "p":0.9368421053,
      "r":0.9468085106,
      "f":0.9417989418
    },
    "appos":{
      "p":0.5454545455,
      "r":0.4109589041,
      "f":0.46875
    },
    "expl":{
      "p":0.8018018018,
      "r":0.8369905956,
      "f":0.8190184049
    },
    "csubj":{
      "p":0.8611111111,
      "r":0.8942307692,
      "f":0.8773584906
    },
    "dep":{
      "p":0.0,
      "r":0.0,
      "f":0.0
    },
    "nummod":{
      "p":0.972972973,
      "r":0.972972973,
      "f":0.972972973
    },
    "acl:cleft":{
      "p":0.7692307692,
      "r":0.6666666667,
      "f":0.7142857143
    },
    "iobj":{
      "p":0.8571428571,
      "r":0.8852459016,
      "f":0.8709677419
    },
    "orphan":{
      "p":0.6,
      "r":0.2307692308,
      "f":0.3333333333
    },
    "parataxis":{
      "p":0.891025641,
      "r":0.8797468354,
      "f":0.8853503185
    },
    "compound":{
      "p":0.8461538462,
      "r":0.6285714286,
      "f":0.7213114754
    },
    "csubj:pass":{
      "p":0.0,
      "r":0.0,
      "f":0.0
    },
    "discourse":{
      "p":1.0,
      "r":0.4545454545,
      "f":0.625
    },
    "flat:foreign":{
      "p":0.65,
      "r":0.1529411765,
      "f":0.2476190476
    },
    "goeswith":{
      "p":0.0,
      "r":0.0,
      "f":0.0
    }
  },
  "ents_p":0.8609738885,
  "ents_r":0.8821402748,
  "ents_f":0.8714285714,
  "ents_per_type":{
    "PER":{
      "p":0.9412780656,
      "r":0.9663120567,
      "f":0.9536307962
    },
    "PROD":{
      "p":0.5,
      "r":0.6338028169,
      "f":0.5590062112
    },
    "GPE_LOC":{
      "p":0.9150579151,
      "r":0.9221789883,
      "f":0.9186046512
    },
    "GPE_ORG":{
      "p":0.7555555556,
      "r":0.68,
      "f":0.7157894737
    },
    "ORG":{
      "p":0.8768115942,
      "r":0.849122807,
      "f":0.862745098
    },
    "DRV":{
      "p":0.8039215686,
      "r":0.8541666667,
      "f":0.8282828283
    },
    "LOC":{
      "p":0.6822429907,
      "r":0.7087378641,
      "f":0.6952380952
    },
    "EVT":{
      "p":0.3,
      "r":0.6,
      "f":0.4
    }
  },
  "speed":9340.1085476914
}